2,ARamp,0,-70.0,-428.0
2,ARamp,1,-146.0,-492.0
2,BDoors,0,-16.0,-278.0
2,BDoors,1,129.0,-260.0
2,BombsiteA,0,-223.0,-382.0
2,BombsiteA,1,-140.0,-391.0
2,BombsiteB,0,167.0,-206.0
2,BombsiteB,1,99.0,-283.0
2,CTSpawn,0,15.0,-252.0
2,CTSpawn,1,-9.0,-223.0
2,Catwalk,0,-115.0,-122.0
2,Catwalk,1,26.0,230.0
2,ExtendedA,0,-22.0,-277.0
2,ExtendedA,1,126.0,-292.0
2,Hole,0,55.0,-444.0
2,Hole,1,107.0,-435.0
2,LongA,0,-232.0,-58.0
2,LongA,1,-334.0,44.0
2,LongDoors,0,-364.0,9.0
2,LongDoors,1,134.0,752.0
2,LowerTunnel,0,256.0,-390.0
2,LowerTunnel,1,156.0,513.0
2,MidDoors,0,-169.0,-240.0
2,MidDoors,1,-235.0,-181.0
2,Middle,0,-88.0,-138.0
2,Middle,1,-239.0,548.0
2,OutsideLong,0,-537.0,365.0
2,OutsideLong,1,-587.0,1184.0
2,OutsideTunnel,0,768.0,-183.0
2,OutsideTunnel,1,251.0,1025.0
2,Pit,0,-559.0,329.0
2,Pit,1,-87.0,499.0
2,ShortStairs,0,-173.0,-215.0
2,ShortStairs,1,221.0,319.0
2,Side,0,-504.0,407.0
2,Side,1,-354.0,474.0
2,TRamp,0,865.0,527.0
2,TRamp,1,282.0,1639.0
2,TSpawn,0,22.0,103.0
2,TSpawn,1,-125.0,1349.0
2,TopofMid,0,-152.0,349.0
2,TopofMid,1,495.0,1095.0
2,TunnelStairs,0,574.0,-358.0
2,TunnelStairs,1,416.0,530.0
2,UnderA,0,-374.0,-131.0
2,UnderA,1,-106.0,-294.0
2,UpperTunnel,0,719.0,-160.0
2,UpperTunnel,1,257.0,336.0
3,ARamp,0,-1299.0,-416.0
3,ARamp,1,-122.0,-472.0
3,BDoors,0,1042.0,-296.0
3,BDoors,1,89.0,-200.0
3,BombsiteA,0,-984.0,-506.0
3,BombsiteA,1,-46.0,-167.0
3,BombsiteB,0,1602.0,-290.0
3,BombsiteB,1,127.0,-204.0
3,CTSpawn,0,-36.0,-36.0
3,CTSpawn,1,-65.0,-266.0
3,Catwalk,0,-216.0,338.0
3,Catwalk,1,153.0,154.0
3,ExtendedA,0,-531.0,-194.0
3,ExtendedA,1,88.0,-201.0
3,Hole,0,1238.0,-618.0
3,Hole,1,-13.0,-343.0
3,LongA,0,-1333.0,346.0
3,LongA,1,-407.0,37.0
3,LongDoors,0,-927.0,1020.0
3,LongDoors,1,-120.0,187.0
3,LowerTunnel,0,464.0,330.0
3,LowerTunnel,1,234.0,229.0
3,MidDoors,0,503.0,-132.0
3,MidDoors,1,9.0,-66.0
3,Middle,0,233.0,428.0
3,Middle,1,323.0,206.0
3,OutsideLong,0,-291.0,1359.0
3,OutsideLong,1,-268.0,615.0
3,OutsideTunnel,0,1172.0,1129.0
3,OutsideTunnel,1,228.0,84.0
3,Pit,0,-1358.0,1243.0
3,Pit,1,-404.0,308.0
3,ShortStairs,0,-456.0,250.0
3,ShortStairs,1,64.0,79.0
3,Side,0,-1539.0,1358.0
3,Side,1,-753.0,835.0
3,TRamp,0,1218.0,1452.0
3,TRamp,1,272.0,765.0
3,TSpawn,0,374.0,1900.0
3,TSpawn,1,75.0,679.0
3,TopofMid,0,8.0,1113.0
3,TopofMid,1,377.0,561.0
3,TunnelStairs,0,854.0,561.0
3,TunnelStairs,1,182.0,449.0
3,UnderA,0,-641.0,-101.0
3,UnderA,1,-116.0,-150.0
3,UpperTunnel,0,1541.0,397.0
3,UpperTunnel,1,326.0,311.0
